model,accuracy_mean,f1_macro_mean
svm_rbf,0.96,0.9599331662489557
random_forest,0.9600000000000002,0.9597984861142755
logistic_regression,0.9533333333333334,0.953216374269006
